이름,가격
[농할쿠폰20%] [2020년산] 아산맑은쌀 삼광 10kg,"35,500"
이케아 MULIG 물리그 옷걸이 행거 스탠드,"10,590"
쁘띠앤 칼마디 (2개월/120정) 칼슘 마그네슘 비타민D,"39,500"
[농할쿠폰20%] [홍천철원] 20년 햅쌀 둔포농협 아산맑은쌀 10kg,"32,640"
[농할쿠폰20%] [20년산]안중 슈퍼오닝고시히카리10kg,"37,500"
"#11/16~앵콜특가# 릴 전자담배 특가 미니, 하이브리드, 솔리드 2.0","30,000"
쁘띠앤 오메가3 (2개월/120캡슐) 식물성 DHA 임산부,"66,500"
(1+1+1) 시크릿데이 샐걱정NO 입는 오버나이트/생리대,"8,900"
[카드추가할인] 일월 프리미엄 뉴 드림스파 온수매트,"79,800"
"윤남텍 간편세척 초음파 가습기, YN-101, 인터파크","69,000"
[생활공작소] 베이킹소다 냉장고 탈취제 500G,"2,500"
크록스 성인 바야라인드클로그 4종 택(19FUBF205969),"27,800"
★11/13원데이★ 써모스 보온병 텀블러JNL-353K/503K FFI-400FK,"33,000"
젤리캣 버니 봉제인형 31cm M사이즈 애착인형,"36,800"
매일두유 99.89 대용량 950mlx10팩 이중박스포장,"18,480"
[농할쿠폰20%] [20년산]금성농협 대숲맑은담양쌀10kg/새청무,"31,330"
오므론 혈압측정기 HEM-7121 /국제인증/자동전자혈압계,"58,900"
[본사정품] 에스트라 아토베리어 크림/최신제조일자/100ml,"25,960"
[본사직영]락토핏 생유산균 골드 5통(250포),"61,900"
라인바싸 탄산수 500ml페트 20입+20입,"16,050"
헤라 블랙 쿠션 SPF34/PA++ 15g 리필,"12,760"
[고양이모래] 미스터리 오더킬러 무향 7kg 3포,"28,930"
TS 골드플러스 티에스 샴푸 500g,"13,980"
[11월 인팍단독특가!!] SOI 샌디스크 울트라(80mb) 마이크로SD 128G,"15,940"
정품 보조배터리 EB-U1200C 급속 무선충전 10000mAh,"22,850"
HOME 외풍 차단 DOOR 틈막이 창문 실리콘 패드 문풍지,"5,270"
컬쳐랜드 모바일 문화상품권 1만원권 (행사),"9,550"
삼성전자 USB Type-C 고속충전 케이블 EP-DN930CWE,"1,310"
[보그스] 베이비부츠-솔리드 3종 모음,"39,140"
농심 백산수 2L 12병 생수,"9,200"
다이슨 차이슨 샤오미 아이룸 호환 청소기거치대,"20,500"
2P세트 퍼니큐브 3단 리빙박스 67L 대용량 수납함,"23,900"
황금미가 20kg / 최근도정,"53,900"
루솔 진한 배도라지즙 20포/40포/60포,"19,800"
#7%추가할인# 삼성전자 갤럭시 핏2 스마트밴드,"49,500"
제주삼다수 2L x 24병,"23,520"
스타벅스 200ml/270mlx10컵/전용포장/커피/카페라떼,"11,800"
정식품 베지밀 5060 시니어 두유 48팩,"24,090"
삼성 고속충전 C타입 보조배터리(10000mAh) EB-P1100,"15,330"
매일 바리스타룰스 에스프레소라떼 250ml 10컵,"11,580"
로지텍 페블 M350 무소음 무선 블루투스 마우스 병행,"18,370"
제로원 창틀 바람막이패드 문풍지 단열외풍겨울 단열,"3,500"
해피머니 온라인 상품권 1천원권(행사),950
컬쳐랜드 모바일 문화상품권 5만원권 (행사),"47,750"
"[1,500p] 신세계백화점 모바일상품권_기프티쇼","100,000"
핀란드 직수입 충치예방 자일리톨 질리맥스 리틀미이,"6,960"
[농할쿠폰20%] 과육 당도가 끝내주는 경남 단감 대용량 10kg,"10,900"
[유리피부] 그란떼 클렌징 오일 300ml,"12,760"
매일 카페라떼 마일드 220ml 20컵 바리스타/컵커피,"18,090"
바이오더마 크레알린(센시비오) H2O 500ml,"9,500"
[모음]오쏘몰 이뮨 바이탈 F 바이탈M 드링크+캡슐30일,"52,900"
예림당 스마트베어 튤립 사운드북 분홍이 세트 전4권,"41,310"
서울우유 1000ml x 10팩/멸균우유,"17,580"
퍼니큐브 3단 대용량 리빙박스 67L 수납박스 옷 정리,"13,710"
배상면주가 포천LB 느린마을 막걸리 1Lx5병,"16,250"
[농할쿠폰20%] 2020년산 햅쌀 메뚜기표 동송농협 철원오대쌀10kg,"39,780"
이강주 2호/전주 이강주/조선3대명주/식품명인/전통주,"32,000"
코니스 에듀테이블,"65,830"
지리산수 2L x 12병 / 500ml 40병,"8,900"
[프로쉬] 독일 친환경 식기세척기세제 2개SET,"22,170"
Y 스텐레스 대형 건조대 빨래건조대,"13,800"
컬쳐랜드 모바일 문화상품권 5천원권 (행사),"4,750"
[2개 세트] 아메리칸 솔루션 로얄레드 9.07kg,"41,630"
아동 성인 스포츠 언더티셔츠 레깅스 태클팬츠,"8,280"
★최저가/기모맨투맨★ 타미힐피거/남녀공용 커플추천 크루넥 기모 맨투맨 6종 택1,"31,500"
아기와 놀아 주는 꼬꼬맘 - 블루래빗 IQ BABY,"33,000"
★비공개쿠폰 에이픽스 게이밍의자 GC001 울프 컴퓨터 레이싱체어,"159,000"
-APP특가- 스파클 생수 2L 48펫 /,"22,230"
[Miel] 클래식 물티슈-캡형 100매*20팩 (평량 50g),"22,900"
로지텍 G304 무선 게이밍 마우스 병행 밀봉박스새상품,"38,680"
고려은단 퓨어 알티지 오메가3 업그레이드 60캡슐x1개,"17,520"
베베숲 시그니처 블루 70매 15팩,"22,950"
QCY T5S 블루투스 무선 이어폰 In1933 2020년 최신판,"21,990"
[카드추가할인] 일월 투스파 플러스 온수매트 싱글형/일월매트,"70,310"
쏜리서치 폴리레스베라트롤 SR 60 캡슐,"57,040"
제주삼다수 2L x 12병,"11,760"
[더블유드레스룸] 1+1 퍼퓸 핸드크림 50ml 모음전,"8,500"
[갤러리아]  K2  케이투  A L P 코볼드 에픽  RDS    KMW19515,"129,020"
[Miel] 클래식 물티슈 - 캡형 100매 * 10팩 (평량 50g,"12,900"
정품/다이슨 에어랩 스타일러 컴플리트/에이블,"560,700"
매일 뼈로가는 칼슘두유 950ml 10팩/두유/검은콩,"9,870"
[생활공작소] 울세제 1.5L,"9,900"
보닌 더 스타일 2종 기획세트,"22,620"
쁘띠앤 오메가3 (1개월/60캡슐) 식물성 DHA 임산부,"43,190"
코리원/썬리취 체다/무색소 슬라이스 치즈 100매/블럭,"10,380"
모나리자 벨라지오 미용티슈 280매*3개 ~ 각티슈,"3,400"
이나바 챠오 츄르 가다랑어 (SC-72) 14gX4개입,"1,790"
더포르미 흑현미/잡곡/귀리 영양 도시락 12팩 균일가,"34,900"
[농할쿠폰20%] 2020 괴산청결 햇고추가루 1kg/국내산100%/고추가루,"26,790"
S-OIL 세븐 골드 5W30 RV C3 6L 가솔린/LPG/디젤/DPF,"15,050"
이나바 챠오 츄르 참치 (SC-71) 14gX4개입,"1,790"
삼성전자 삼성 정품 급속 충전기 (EP-TA20K),"5,030"
팜파스 미쁘 무형광 냅킨만매 10000매 뽑아쓰는냅킨,"11,900"
10+10+4 고급하이드로 더치커피 파우치 콜드브루,"3,590"
[연세] 뼈 고칼슘두유 검은콩&호두아몬드190mlX96팩,"27,900"
직배송 밀크 A3 복사용지(A3용지) 복사지 80g 1박스,"21,430"
골드플러스 TS 샴푸 500g / TS샴푸 12종,"13,890"
QCY T1C / T2C / T2S / T5 / T6 / T7 / T9 무선이어폰,"12,370"
네꼬모리 두부국시 나노입자 극세입자 7L X 3개,"16,890"
네슬레 퓨어라이프 2L 12병,"6,800"
제로원 창틀 바람막이패드 풍지판 벌레 해충차단 외풍,"1,020"
크린마마 손소독제 겔 500ml 의약외품 알콜70%,"2,900"
[당일발송] 코닥 일회용카메라 펀세이버(27매/감도800,"13,200"
EVENT![기프티쇼] GS25 모바일상품권 1만원권,"9,700"
더블에이 A4 복사용지(A4용지) 복사지 80g 1박스,"22,320"
파지 베이컨 1kg 슬라이스 뭉치형 다이싱 4종,"8,370"
유파 와플메이커/와플만들기/와플기계 EKW-915WS,"37,400"
[종가집김치] 행복이온포기김치 10kg,"45,970"
[무배]  New 캐츠랑 전연령 점보 사료 20kg,"40,950"
베베숲 시그니처 그린 70매 캡 10팩,"15,250"
샤프란 아우라 초고농축 섬유유연제 대용량 5.5L x1개,"13,520"
한율 어린쑥 수분진정 크림 50ml,"14,900"
[농할쿠폰20%] [홍천철원] 20년 햅쌀 고성농협오대쌀 10kg,"34,130"
클라이드엔 여성푸파다운점퍼2 CJDDU911F,"31,590"
정품 에스트라 아토베리어 로션 / 최신제조,"25,960"
코디 라벤다 3겹 30m 30롤 3팩,"22,810"
이케아 LERBERG 와이드 철제 4단선반,"18,400"
닥터지 그린 마일드 업 선 50ml(SPF50+),"10,420"
세타필 모이스춰라이징 대용량 로션 591ml,"10,700"
닥터지 브라이트닝 업 선 50ml(SPF50),"12,150"
정품국내AS  QCY T9 TWS 블루투스 5.0 어플연동,"16,040"
"정식품 베지밀 건강맘 두유 48팩 임산,수유부용식품","29,670"
헤라 블랙 파운데이션 SPF15 PA+ 35ml,"31,510"
[CJ직배송] 다담 된장찌개양념 530g X3개 외 골라담기,"12,380"
[최대 10% 카드할인] (정품) BSS필터 교체용 AW-909/AWM-5/AWC-R226/AWCS22,"12,770"
빠른발송/샤오미 미지아 휴대용 에어 펌프/공기주입기,"31,560"
[CJ직배송] 팻다운 파워번 마스터 100ml x 30병,"22,200"
매일두유 뼈로가는 칼슘두유950mlx10팩/베지밀/고칼슘,"11,800"
Bluebonnet 블루보넷 버퍼드 킬레이트 마그네슘 120캡,"22,560"
블루나 숨편한 KF94 황사방역마스크 대형 30매입,"13,490"
92파이 16온스 아이스컵 테이크아웃컵1000개,"41,400"
한국 버전!샤오미 Dr.Ozawa 초음파 세척기 3세대,"21,500"
[사은품]최고의간식 400g 4개묶음 대용량간식 기획전,"8,650"
-직배송- 스파클생수 500ml 40펫,"8,460"
삼성 갤럭시 버즈 라이브SM-R180 Galaxy Buds Live,"153,550"
코브라 수도꼭지 주방 수전 교체용 자바라 씽크대,"4,500"
타미힐피거 맨투맨 후드티 집업 라운드 반팔티 단체복,"22,080"
[현대백화점 판교점] [비오템] 오 비타미네 바디 밀크 점보 400ml 세트,"48,360"
왕자 2단선반이동식행거(블랙/화이트),"38,550"
한미 완전두유 고칼슘 달콤한맛 190ml x 40팩,"10,700"
본죽 BEST 상품 골라담기,"7,500"
자석 화이트보드 이동식 스탠드 세트 중대형 기획특가,"74,260"
JH 플랜트로닉스 Voyager 5200,"169,880"
폴미첼 프리즈 앤 샤인 수퍼 스프레이 500ml(신형),"18,520"
나이키신상 방한장갑  트레이닝 휘트니스 러닝장갑,"19,580"
에버크린 ESUN 모래 19kg,"26,900"
동국제약 마데카크림 시즌5 50ml /커버크림/앰플,"9,310"
크록스 키즈 클래식그래픽 라인드K NGN (20FKCL204817,"33,430"
한국인삼공사 정관장 홍삼정 로얄 240g,"160,620"
CJ 햇반 210gx24개(1박스)오뚜기밥24개/즉석밥/햇밥/,"24,350"
더마비 세라엠디 리페어 로션 400ml 1+1+튜브견본2개,"23,720"
갤럭시노트9 클리어 뷰 스탠딩 커버 삼성정품 케이스,"38,200"
쁘띠앤 락토유 (2개월/60포) 프로바이오틱스 유산균,"49,050"
[순수] 회오리볼륨 오토롤링고데기 V스타일러 [핑크],"49,500"
닥터지 블랙 스네일 크림 50ml(벌크)/달팽이크림,"18,400"
이나바 챠오 츄르 닭가슴살 (SC-73) 14gX4개입,"1,720"
눅스 윌 프로디쥬스 오일 100ml x 2개세트,"37,820"
[빙그레] 요플레 프로틴 드링크 플레인 210g x24개,"26,320"
100%무형광 2겹 미쁘핸드타올 5000매 페이퍼타올,"16,680"
필립스 NT3160 코털정리기 코털제거기 총알배송~~,"11,870"
[농할쿠폰20%] 농협 황새와우렁이 무농약 유기농 쌀 현미 10kg 20k,"36,570"
노이몬 KF94 중형 50매 새부리형 비말 미세먼지마스크,"31,410"
땡큐 무형광 핸드타올 2겹 5000매 점보롤 화장지 휴지,"17,500"
애경 케라시스 샤이닝 데미지 샴푸/린스 4000ml+증정,"11,770"
크리넥스 순수소프트 27m x 30롤 x 2팩,"26,000"
데일리세이프 일회용마스크 1Box 중형 50개입 화이트,"26,250"
[텐바이텐] 무반전 리얼미 거울 무반전 리얼미 거울,"26,800"
삼육두유 검은콩 호두 앤 아몬드 파우치 190ml 60팩,"25,390"
보노보노스프 6종 골라담기 / 콘스프 크림스프,"2,270"
(무료배송) 롯데 아이러브토스트 식빵 x 10봉,"21,060"
아모스 아이클레이 50g,"1,100"
정관장 화애락진 70mlx30포 여성용홍삼 본문필독,"127,600"
[국내배송] [일리공식몰]8차 재입고 일리캡슐 21개입 9종 모음전,"13,560"
[써모스] 보온도시락 TKLD-1601F -사은품 증정,"59,000"
더마비 데일리 바디로션400ml×2개+튜브견본2개,"18,510"
오토바이 방한 장갑 토시 CN 겨울 바이크 방수 글러브,"6,420"
애경 리큐 진한겔 알카파워 일반용 2.1L x6개+증정,"16,730"
신일전자 에코 히터 전기 히터 초절전형 SEH-ECO80W,"73,600"
DU-PLEX 초음파가습기 대용량 가습기 DP-9000UH 6L,"30,590"
[단독+무배] 미스터리 캣 리터 오더킬러 어메이징 모래 7kgX2개,"21,080"
번개표 금호 LED 십자등 형광등 50W,"10,910"
EVENT![기프티쇼] CU 모바일상품권 1만원권,"9,700"
신일전자 라디에이터 SER-K15LT 7핀 전기히터,"56,800"
[수산쿠폰20%] 완도 활전복1kg중대(12~17미)당일조업발송/무료배송,"32,900"
하림 닭가슴살 4종 오리지널/블랙페퍼/훈제,"1,310"
APPLE 아이패드 8세대 WiFi 32GB (정품),"430,500"
뽀로로펜3.0/뽀로로펜,"48,940"
[2개 세트] 라이프익스텐션 투 퍼 데이 캡슐/ 타블렛,"39,290"
매일 카페라떼 마일드 로어슈거 220mlx10개 바리스타,"7,640"
#농할쿠폰20%# 해남 절임배추 20kg,"29,250"
NEW 캐츠랑 전연령 20kg (5kg x 4개),"39,730"
[7만무배]빼빼로17종/포키7종 10갑 빼빼로데이 선물,"8,370"
빼빼로/막대과자/초콜릿/재료/데이/세트/만들기/,950
타공 스텐채반 야채바구니 13.5cm,"3,730"
골드메달 애플 스파클링 296ml 박스 24개,"31,320"
벡셀 최신제조 알카라인건전지 AA/AAA 20/40알 C/D/9V,"4,700"
AHC 타임 리와인드 리얼 아이크림 포 페이스 30ml,"4,540"
이나바 챠오 츄르 참치&조개관자 (4SC-77) 14gX4개입,"1,800"
웰치스 후르츠 젤리 100봉 2.55kg,"17,010"
닥터지 레드 블레미쉬 클리어 수딩 크림 70ml,"14,140"
